wenku8,82873
13642785103,23783
GJBU,20783
873436507,20020
ziyujinxiang,13684
295151934,11277
qq393836475,9730
Gallows,9361
gba,9150
Greed000,8528
求更新,6540
Crazy斩,6394
yt6798653,6099
KARASUZEUS,5951
56647426,5821
rushfox1,5723
Oceantwo,5716
无爱―不可能,5606
476954730,5413
754288584,5356
mimikuku,5294
jianghan,5153
08424,5141
无爱,5128
935447279,5048
lookwanlk,4775
三日月银河,4510
12lovelive34,4485
leitian,4399
yuio1014,4359
d185ddd,4228
wan1982wan,4133
870479392,4129
anarchyuk,4119
pj710720,4119
clearit,4116
Njord,4057
Icream,4023
a4105210,4010
lmkt,3937
望远镜,3917
油炸香蕉,3876
wswrgwr,3801
AD8186869,3797
十字架的背负者,3796
425262813,3670
wjh2306,3647
tjwg1103,3616
mazujian,3579
LoliKyon,3517
江,3514
wimp,3502
henryyx,3492
js,3377
ganli1996823,3356
aaozzp123,3332
lch8528,3304
704559831,3211
490545757,3193
优S穹,3158
萤火虫之歌,3141
WOT烤生,3094
a5301244,2974
kissggnolove,2971
ZAG,2963
猎妹者,2941
wai7456qwklgh,2930
废柴神,2903
人间失格者,2896
3385667,2893
liushengonline,2885
030232384,2786
zzpeva,2778
tszhim23,2754
hjw1986117,2748
gncbbw,2736
1234131570,2730
cream121414,2718
wyc10416,2713
天行泪・天行,2708
conansai486,2706
applered,2686
dragonflash,2683
那须原优,2680
咏叹调之戏言杀手,2671
月夜夜,2634
20151008,2634
larima,2631
pktommy1234,2621
立花道雪酱,2613
沉默的少年H,2564
$0$,2562
zgq654183927,2538
84611511,2535
lightning123,2520
prchen1994,2480
盲眼卡嘉莉娜,2478
542266,2461
我在，这,2454
a2266,2452
brchen,2444
best50,2443
kin11937,2425
freedoma,2424
zqb1990,2410
ZERO00,2404
XGTO,2395
hn16021120,2393
Shadow,2391
yongtao628,2388
nicomimi,2384
一裤子哦,2378
lwting,2372
mujianxue,2360
uyitt,2341
maohero,2340
saberlove121,2328
3996419191,2321
s5705456,2309
雷电,2295
zot,2293
a8523112,2291
wylszy,2290
wzhn110,2288
dwlongg,2285
w547112526,2284
liming86872573,2282
dogdoggod,2280
yuduideyi,2279
zcw5555,2277
s10288888,2275
51z1wnzd,2273
redarker,2264
kaido,2261
zuiling5,2258
手机党,2257
0608999,2252
ogamiichiro3,2247
tgckpg,2243
lly2813718,2242
dawn04,2242
Austen,2241
charmingcity,2236
g42392116,2235
windqw,2233
wumuqiou,2226
飞鸟,2223
a8022604,2220
jjdong,2219
a91460324,2218
f834347,2217
暗谷,2215
cddd,2215
primer55,2212
yung106,2210
cheungman2002,2209
Frosty5689,2197
秋意,2189
55861314,2187
天之雨衣,2187
huang314935757,2183
josephchoux,2180
a62609640,2177
kk85578768,2176
艾璐,2175
火龙,2157
lp111456,2157
xx124575,2154
streakly,2153
figo123456,2151
w6398538210,2149
hero9dog,2149
2110191,2148
uiop031,2145
DEVILBoy,2144
fchgj,2143
~安加西奈~,2143
504723086,2141
sjb6813,2140
dfmaga12,2137
circlecatcat,2137
goodfanken,2136
zhangyi13579,2131
1a2b3c4d,2127
kaine130243,2127
快如疾风,2123
h372487302,2120
Canvas2,2110
xyq198609,2108
c8015070,2108
nowater,2107
76005598,2105
angkukuih,2101
s1e9e9d00921,2097
vvvvvvv34,2095
blackhead319,2092
m489008063,2091
dckv,2086
zuriaake,2083
kuoshen,2078
mrdog1304,2072
lebrown,2072
日出蓝图,2068
kam1n,2068
OPOP5988610,2064
cmzqzhc,2064
十六世,2063
lorobi,2062
hiddenzback,2061
aomie,2059
axeama,2058
stephen,2053
l52522,2049
aa125633,2044
799893007,2043
罐头,2041
tonyyam9,2041
zxyllc,2040
wucnse,2038
aquarils,2036
linfan,2034
lingffea,2034
nzbabyfox,2032
Zeroed,2032
sjsshield,2031
灾祸之翼,2031
鱼儿游,2030
36924,2028
qpeqc,2024
高山敬,2024
csa83625,2022
zyjxwwz,2016
as4655506,2015
panterer,2015
zyzlzhy,2010
Qzwxas,2009
leonis,2008
volcan,2006
wakitsang1996,2005
KNIL,1993
guojr136,1990
ycl1,1990
as3950,1989
伊藤诚,1988
542334006,1984
昆吾,1981
changzhenbo2008,1981
铭,1975
3840030,1975
kururu0001,1974
codegeassex,1972
小羊羊,1970
3322198,1968
gear0018,1964
四季,1960
317334986,1954
0784101045,1953
qwe,1953
605488511,1952
dongdong_013,1951
kurotsuki,1949
w007101183,1945
op0202510,1945
kaikaiuu,1944
物语的尽头,1941
gy19910409,1940
sheng15174,1940
sdc6882278,1929
bck19970825,1929
两仪一式,1927
sola1,1925
ducky,1925
人头马面哥,1925
hank00119,1924
ac120212,1923
alex85amy13,1923
583572166,1923
不存在,1921
wangjie,1920
cby1994,1920
s6492,1918
844102716,1914
l02048,1909
liruyuan1988,1909
xu86167789,1908
1184265,1905
b993021027,1903
古河渚,1903
pm2x,1902
ted22644,1902
xx2136,1901
不留名,1901
345270900,1901
ZeroVS,1900
x5370133,1900
s11161126,1900
drak50318,1898
Bloodtide,1897
f5201314025,1894
ilove5566183,1892
ex88453,1891
sasyce2568,1890
我勇,1890
暗之月光,1889
暮晓星空,1889
1107674270,1889
ccz8807770,1888
s20051162,1888
skai0326,1887
18650699736,1885
海子,1885
martin19897855,1883
樱花遍地的世界,1882
d02v1drgrg7r,1882
willson149,1880
Ace小小,1878
z820003000,1875
yuan471,1872
zeqin,1871
09261344,1871
爱魔少年,1870
875675935,1870
20193287,1868
Flere,1865
gufalv,1864
jkdqjwq,1861
梦之亚,1861
秋之情怀,1861
白夜奏,1861
gale,1861
zdy1988,1859
a013033,1859
sz0012606,1857
jx310016,1854
icedevilsatan,1849
funlife,1848
tfss0402,1848
b2a6,1847
2715373,1847
samuel0904,1846
xun12,1845
a453839439,1844
scginay,1844
dt9250615,1844
99150131,1842
thyouopop,1841
hsies456,1839
a87716955,1838
天天路人,1838
hell261,1836
佐古俊太郎,1834
zjwxmj,1833
civi,1833
cx6513446,1832
barry,1832
lijack,1828
3666,1827
otis850108,1825
NIHONNOHON,1825
zcd90123,1820
yoyo835566,1819
gougoula,1818
DamonKyd,1816
MayillZ,1815
549126936,1810
donadona-do,1810
空中,1809
coloya,1807
bmwhawk313,1807
20021225,1806
hhindi,1803
y11123414,1802
KAC,1797
logos,1796
徐怡如,1796
lovekosmos,1793
weltc231,1793
ArcherBryce,1792
adverrise,1789
312501044,1788
99y,1786
shengjiepeng,1785
john710393,1784
夏D汐,1783
wwwbony,1782
wakcps,1781
2357518405,1780
回家部长,1776
游琉球,1776
icewall,1775
lu270720688,1773
zhouzhaoyan,1773
j22582536,1773
lele33,1772
才人,1771
king1989322,1771
y5598087,1771
wuwusong,1770
kensugisaki,1770
罪恶的春树,1769
似水流年,1765
asam21162002,1764
1706liang,1761
1056079178,1760
laichi2010,1759
T神的S昏,1759
zeesdxc,1757
6273031,1756
jxzg,1755
萌之守护者,1754
lochosan,1752
ghfrky,1751
felix024,1750
镅郧菠,1750
asd6787539,1749
赤t血刃,1749
twinkle525,1747
Demonic,1741
混沌V,1740
zx22333441,1739
a29612148123,1739
henry6687,1738
lb920212,1737
lucky,1736
JIN,1736
a870611x,1733
jemlliy,1733
zrh29808924,1733
740531545,1733
779444513,1731
silverzhao,1729
坑爹君,1729
abcc4702,1729
Dewachen,1727
liu,1725
sidisn,1723
k57876253,1722
无语了,1720
jay806408,1720
ly977612,1719
真红流舞,1719
7613317,1718
黑芯黑猫酱,1718
alandin5,1718
kimikimi7,1718
floride,1716
qutiancai,1715
罪孽,1712
勇者艾米利亚,1712
coci,1711
否定纪行,1711
未命名0Zero,1710
hueixy,1709
ammber,1708
zzz555241,1707
bewd,1707
qq503259819,1706
qs1181702876,1705
henrygod15,1703
d769276722,1703
mike7777,1702
1132173301,1702
hmlam2,1702
syx19950621,1699
asfgkl,1698
chenjiakun,1698
85628798,1697
g26524177,1697
2425332,1696
p16230123,1694
wernick,1694
吉利的小乌鸦,1694
l932610,1694
498213816,1693
Rlyeh,1693
tobsgklz,1692
windos2012,1692
ka.hp,1692
836498414,1691
slongslong,1689
a7993589,1689
BLLST,1688
焰煌,1688
柽柽,1685
jba7533,1685
archer,1684
poyu,1684
zsxlhong,1680
天野凌,1679
lijiajunterry,1678
zap_zeratul,1678
康师傅,1678
13580305642,1678
k59665,1676
Horre,1672
冒险奏鸣,1672
herry10814,1672
skyfish,1672
011501232,1672
x20a7896,1671
cat036,1671
2665617018,1671
lin78911,1670
yby1992,1668
eva10084277,1668
knight?rider?,1668
tofuking,1667
zfdzfzzfz,1667
flz535197009,1667
不良,1664
xlanx,1663
2494888299,1663
SWN-002,1661
takeisi,1661
karas28,1660
樱泪shadow,1658
cj1048576,1657
lib,1656
chenmmss,1655
lion0717,1655
少女A,1654
royalgarden,1654
psp50000,1653
翔子,1652
阿尔斯兰,1652
sakisola,1651
姑苏玩家,1649
★冰★くにお,1649
yuuy,1648
ひかリ,1648
okm5436,1648
络缫茶茶丸,1647
flines,1647
NOCFWAR,1646
t1i3m5,1646
水静鹅飞,1645
a22789876,1645
ken3505,1643
siwujidan,1643
zhaoyk1990,1642
robin_linxx,1642
hammer422,1642
omadedou,1641
kta912413,1641
天下首富,1641
zelx,1641
苍穹的天之亡骇,1640
Maxwell,1640
forgetbar,1639
qwewww,1639
zx5201131990,1639
nrtasoy,1638
WZHZD52025,1637
kzkwin,1635
1035089327,1634
l958074487,1634
Rin_Natsume,1634
lokhim,1633
devil8652,1630
a15l,1629
xlxjh,1628
chen0202,1628
N.Sakuya,1628
RMB,1626
大力nick,1626
saberloveshiro,1626
ex780223,1626
an94mg3,1626
fate1saber,1626
零崎伊识,1625
365675922,1625
robinyeh,1624
jack18120906,1623
茶茶V咖啡,1622
动漫星空,1622
804625867,1622
雪夏,1621
XI-008,1621
keines,1620
sssxuyuan,1619
z1223477,1617
bastard,1616
b123098724,1616
chienchun1021,1616
as50807,1616
雷斯特,1615
w3,1614
zz19940830,1612
x祺x,1610
a321b654,1609
q26224897,1608
douldark,1608
624671656,1608
Eddy,1608
aasd55606,1608
gokinggog,1607
21446580,1606
jiong34789,1605
Conan1412,1604
zz62472385,1604
aa415936461,1603
hikanwoi,1601
摩羯座传说,1600
popolox,1600
kk147,1599
791257021,1599
cc长空,1598
qinzhanyi100,1597
弗朗西斯科皮萨罗,1597
kinghter,1597
ydzj,1596
零B殛,1595
q1102036812,1595
327584666,1594
谙焱,1594
lopakyan,1592
yes95,1591
13842215618,1591
zrrzx,1590
shueizhongdexinyue,1590
ltw,1590
钢蛋A,1589
nagisa520,1588
383722486,1588
a25110012345,1588
巡音,1587
416145794,1587
marine,1586
chunchau,1586
Darkkis,1585
347330209,1585
燃萌丸,1584
quansiji2004,1584
hg5600177,1583
lenmir,1580
青林长春,1580
allaee,1580
395360244,1579
crucifix,1579
王士杰,1579
163805,1578
sniper9970,1578
dg010288,1577
斩风追命,1576
sldkfjgh456,1575
kzen520,1574
zishanq,1572
470972536,1570
1274606139,1570
竹林,1569
samwun2000,1568
lixxxil,1567
karl,1567
13544985176,1566
Andy,1565
赫仔,1565
i662637,1565
k4584932,1564
qazxsw31154,1564
knight-kyo,1563
yinyan,1562
9131133,1562
kirayamatox10a,1562
srfseraph321,1562
Johnthan,1558
ahfyd007,1558
gravities,1558
xeretsim,1558
lggg10dq,1557
狗狗神马的最萌了~,1556
最爱炮姐,1555
a19870512,1554
988631,1550
陈恩杰,1550
angeleats,1549
wxy1666,1549
黑化的柴刀,1548
q459566671,1547
宁神魔法,1547
a15521478,1545
monster8,1544
panxunhang,1543
yf9600,1543
3952440,1543
zalaning,1542
353097456,1540
FATE7,1538
寰宇之主,1538
随风摇叶,1537
TRUZER,1537
lilyn,1536
caesar1997,1536
a37182318,1536
DangerGX,1536
keung666,1535
ms06k,1534
凡幻,1534
redomsky,1534
dears,1531
jre123jj,1531
lin10916,1531
tomyjuju,1531
wl02424741,1530
wzjjsoulsd,1530
s9815102,1529
飞舞流觞,1528
永恒,1526
音岚,1526
lamfching,1525
haruna95,1524
百合音乙羽,1523
leo1984,1523
x6749462,1523
dxd,1523
iamthekingofkong,1522
hokajijij,1522
绫城幻雪,1521
drunkfsoul,1519
jimmywk99,1519
ice8866,1519
cleverdino,1519
ddd332210,1519
wuwe11,1519
z995979657,1519
lianddy1994,1518
qzchris,1518
samtai,1517
915179224,1515
a0070506,1515
badizmaru,1513
kahei9508,1513
星渊,1513
joan1356,1513
lss111222333,1512
304884647,1512
lst306720,1512
cytss001,1512
kuen1994,1512
pig250907,1512
qq283602830,1511
Greymon,1510
一枚狗叔,1509
gaoying685,1508
jackyt001,1508
okijhk,1508
S8652100,1508
609695770,1507
play05007,1506
f3670787,1505
Edmondx,1504
danekk917,1504
chuyue,1503
w3655627,1503
gzsbtao,1502
schoollove,1501
Bless,1501
aqws55987w,1501
londonstar,1500
20864331,1500
12441227,1500
teckkhen,1499
千年的咏叹调,1498
海军陆战队,1497
a21446296,1497
630216,1496
雪舞梦中,1496
jilaluluxiu,1495
骚年,1495
freedom0627,1495
846136237,1494
1061878816,1494
曲奇,1493
mingqiuyizui,1493
q58283329,1492
1159260281,1492
Since 1973,1491
ez037372281,1490
85216362,1488
ysbywyxfp,1488
jksj,1486
ilovechobits,1486
546560591,1485
陈田康,1484
lzftc,1484
z576186487,1483
郁闷的黑,1483
411yy,1483
flownus,1483
fxi6396,1482
For丿Get丶,1482
myss,1481
mango3121,1480
sokahei00,1480
wadwq,1479
黑崎一护d,1478
leon__hu,1478
azby1928,1478
westwest00110011,1477
a135212,1476
sun07010842,1476
touhouyukilo,1476
godlwx,1475
ppt04,1475
roger379,1475
jinger167,1475
soshoa,1474
w137261zxc,1474
apjiong,1474
残念体,1473
gavin9519,1473
柯昂,1471
a123122521,1471
too-noy,1470
jeffwu1993,1470
henny11052,1469
q864912060,1469
zxcvb983,1469
ongpengyu,1469
an455386,1467
chinick1478,1467
护卫,1466
klio520,1466
tafang30,1465
441044856,1464
feixue98,1463
a1b2c3d4,1463
残夜,1462
00,1459
red-blue,1459
luohuan198914,1458
grungust,1458
chriswxd,1456
白季,1456
l554027146,1455
joyp790,1455
utak,1455
yuchang,1455
zhao210947,1455
matao0202,1454
紫之流星,1453
为了生而死,1452
stormiey,1452
saiii123,1451
wc93,1451
holmesf,1450
萌及正x,1450
CSA,1450
547996187,1449
s12358972,1449
talentsheep,1448
330381,1448
walter120,1448
rarex,1447
kk0923,1446
阿__酷,1445
qq510815378,1445
youguiyu,1444
ooshmam,1443
紫银月一,1442
web920012003,1442
1486839168,1442
as8334329,1441
shanatwh,1441
eaguaili,1440
thekingset,1439
bullo,1439
a047651a,1439
tomf5a66,1439
dan6320x,1438
bt007,1438
JuStLiKeFCL,1438
Saberqiu,1437
夜之毁,1437
saber123,1437
aszx90261,1437
353642998,1436
3346829,1436
mfcgihgg,1435
bigfootshit,1435
kkkqqq123,1435
zavayev,1434
20141112,1434
o0typhoon0o,1433
dyj1994,1433
louislife,1433
a825963,1433
deferr,1432
standupon,1431
jacky0407,1431
Alex_TW,1431
skywkl,1431
a29461224,1431
lnsm,1430
rock1103,1430
mizinokaze,1430
fred789453,1429
xious50246,1428
535035918,1427
zps1234567890,1426
1026,1425
因为我是金星人,1425
compare110,1425
akh826,1425
AcceleratorX,1425
910081187,1425
c6311261,1424
yyzyu224,1423
zxp111111,1423
1213503323,1422
sephirothchin,1421
leo010201,1420
a414141441,1419
wolovefang,1419
koghf,1419
shiwenqi27,1419
yyy50521,1419
神季狐,1418
manbobo2002,1418
zzy129,1415
dqw9746,1415
O明煌,1415
wcyzs123,1415
15259158297,1415
kycd,1415
a248233741,1414
7798zz,1414
assault,1413
格雷,1412
小不点,1412
796079,1412
mohammeddun,1411
yaolin414,1411
qazws07,1411
zyh......,1411
fateshen,1410
Hati,1410
e妄想d,1410
zzw200,1410
dog8901,1409
03010345,1409
csuizeal5867,1408
a6090812,1408
kisslyqlove,1408
406139719,1407
aaqqwe,1407
FFknight07,1405
zlizetong,1405
1171188344,1405
夜天之心,1405
wdds123,1404
yang35909,1404
bluegreen621,1404
starsrain,1404
qq451458939,1403
cf19900501,1402
512030358,1402
superkeith,1402
poiuy253137,1402
lampson12,1401
wei7690,1401
020046804,1400
gph555,1400
wqert,1399
heiyao,1398
qooqooak,1398
ywterh,1397
Lilith,1397
jay860827,1397
k251547050,1397
ngf6554,1396
天道祥马,1396
2046169,1396
HuNgAk,1394
tyf153124,1392
642079534,1392
eric98276,1392
dsgkerop,1392
kkhfh3,1391
无奈御风,1391
keyo,1391
才亦无财,1390
qwzlila,1390
ryupp523,1390
mnb11338,1389
524873372,1389
jkkj007,1389
campione2012,1388
lyitem000,1387
song0815,1387
弑,1386
1819947346,1386
haewhaew,1385
kis61003,1385
903239426,1385
130304,1385
13817927190,1385
fate234796,1384
1132353395,1383
咸鱼,1383
mc4962963,1383
